product_tmpl_id/id,Internal Reference,Barcode,Name,Variant Values,Sales Price,Cost
__import__.product_template_ve_ela_li,VE-ELA-LI-L,VE-ELA-LI-L,VESTIDO ELA LILA,Talla: L,156.43,0.00
__import__.product_template_set_meg_ylw,SET-MEG-YLW-L,SET-MEG-YLW-L,SET MEGHAN YELLOW,Talla: L,208.61,0.00
__import__.product_template_pt_25c29118_10,PT-25C29118-10/32,PT-25C29118-10/32,Pantalon PT-25C29118-10,Talla: 32,47.74,0.00
__import__.product_template_ve_katya_pk,VE-KATYA-PK/L,VE-KATYA-PK/L,VESTIDO KATYA PINK,Talla: L,133.83,0.00
__import__.product_template_ve_katya_az,VE-KATYA-AZ/XL,VE-KATYA-AZ/XL,VESTIDO KATYA AZUL,Talla: XL,133.83,0.00
__import__.product_template_pt_24e510097_5,PT-24E510097-5/46,PT-24E510097-5/46,Pantalon PT-24E510097-5,Talla: 46,65.13,0.00
__import__.product_template_pt_24e2712_3,PT-24E2712-3/36,PT24E27123/36,Pantalon PT-24E2712-3,Talla: 36,56.43,0.00
__import__.product_template_pt_25c29118_13,PT-25C29118-13/38,PT-25C29118-13/38,Pantalon PT-25C29118-13,Talla: 38,47.74,0.00
__import__.product_template_lv_25c29118_13,LV-25C29118-13/54,LV-25C29118-13/54,Leva LV-25C29118-13,Talla: 54,173.83,0.00
__import__.product_template_5010,5010-16.5-S1,5010202591651,Camisa 5010,"Talla: 16.5, Manga de Camisa: S1 - 32/33",56.43,0.00
__import__.product_template_5010,5010-16.5-S2,5010202591652,Camisa 5010,"Talla: 16.5, Manga de Camisa: S2 - 34/35",56.43,0.00
__import__.product_template_5010,5010-17-S1,5010202591701,Camisa 5010,"Talla: 17, Manga de Camisa: S1 - 32/33",56.43,0.00
__import__.product_template_5010,5010-17.5-S2,5010202591752,Camisa 5010,"Talla: 17.5, Manga de Camisa: S2 - 34/35",56.43,0.00
__import__.product_template_5010,5010-17-S2,5010202591702,Camisa 5010,"Talla: 17, Manga de Camisa: S2 - 34/35",56.43,0.00
__import__.product_template_5010,5010-15-S1,5010202591501,Camisa 5010,"Talla: 15, Manga de Camisa: S1 - 32/33",56.43,0.00
__import__.product_template_5010,5010-15-S2,5010202591502,Camisa 5010,"Talla: 15, Manga de Camisa: S2 - 34/35",56.43,0.00
__import__.product_template_5010,5010-15.5-S2,5010202591552,Camisa 5010,"Talla: 15.5, Manga de Camisa: S2 - 34/35",56.43,0.00
__import__.product_template_5010,5010-15.5-S1,5010202591551,Camisa 5010,"Talla: 15.5, Manga de Camisa: S1 - 32/33",56.43,0.00
__import__.product_template_5010,5010-16-S2,5010202591602,Camisa 5010,"Talla: 16, Manga de Camisa: S2 - 34/35",56.43,0.00
__import__.product_template_5010,5010-16-S1,5010202591601,Camisa 5010,"Talla: 16, Manga de Camisa: S1 - 32/33",56.43,0.00
__import__.product_template_ch_24es296_4,CH-24ES296-4/50,24ES2964C1240950,Chaleco CH-24ES296-4,Talla: 50,43.39,0.00
__import__.product_template_lv_24b11210_100,LV-24B11210-100/50,LV24B11210100/50,Leva LV-24B11210-100,Talla: 50,173.83,0.00
__import__.product_template_ve_milenag_grn,VE-MILENAG-GRN/M,VEMILENAGRN/M,VESTIDO MILENA GREEN,Talla: M,52.96,0.00
__import__.product_template_ve_stela_az,VE-STELA-AZ/L,VE-STELA-AZ/L,VESTIDO STELA AZUL,Talla: L,147.74,0.00
__import__.product_template_ve_ariadna_bge,VE-ARIADNA-BGE/S,VEARIADNABGE/S,VESTIDO ARIADNA BEIGE,Talla: S,139.91,0.00
__import__.product_template_mr_10845_1,MR-10845-1/7,MR-10845-1/7,Terno MR-10845-1,Ancho Corbata: 7 cm,21.65,0.00
__import__.product_template_lv_24c28061_76,LV-24C28061-76/56,LV-24C28061-76/O56,Leva LV-24C28061-76,Talla: 56,165.13,0.00
__import__.product_template_pt_2070_2,PT-2070-2/28,PT-2070-2/28,Pantalon PT-2070-2,Talla: 28,39.04,0.00
__import__.product_template_lv_23a29607_32,LV-23A29607-32/56,LV-23A29607-32/56,Leva LV-23A29607-32,Talla: 56,173.83,0.00
__import__.product_template_ve_paulina_mag,VE-PAULINA-MAG-S,VE-PAULINA-MAG-S,VESTIDO PAULINA MAGENTA,Talla: S,159.04,0.00
__import__.product_template_lv_008_black_2,LV-008-BLACK-2/46,LV-008-BLACK-2/46,Leva LV-008-BLACK-2,Talla: 46,173.83,0.00
__import__.product_template_lv_23c25168_220,LV-23C25168-220/50,LV-23C25168-220/50,Leva LV-23C25168-220,Talla: 50,173.83,0.00
__import__.product_template_ref_clara_ve,REF-CLARA-VE/M,REF-CLARA-VE/OM,M. VESTIDO MOPA VERDE,Talla: M,156.43,0.00
__import__.product_template_ref_margarita_rj,REF-MARGARITA-RJ/S,REF-MARGARITA-RJ/OS,M. VESTIDO MOPA ESTAMPADO ROJO,Talla: S,166.00,0.00
__import__.product_template_ref_elena_az,REF-ELENA-AZ/M,REF-ELENA-AZ/OM,M. VESTIDO MOPA AZUL (ref_elena_az),Talla: M,139.91,0.00
__import__.product_template_ve_passion_esl,VE-PASSION-ESL/10,VEPASSIONESL10,Terno VE-PASSION-ESL,Talla: 10,344.26,0.00
__import__.product_template_ve_passion_bl_a,VE-PASSION-BL-A/10,VEPASSIONBLA10,Terno VE-PASSION-BL-A,Talla: 10,239.91,0.00
__import__.product_template_ve_passion_dro,VE-PASSION-DRO/8,VEPASSIONDRO8,Terno VE-PASSION-DRO,Talla: 8,292.09,0.00
__import__.product_template_ve_passion_ol,VE-PASSION-OL/8,VEPASSIONOL8,Terno VE-PASSION-OL,Talla: 8,344.26,0.00
__import__.product_template_23e4246_15,23E4246-15/46,23E424615202446,Leva 23E4246-15,Talla: 46,165.13,0.00
__import__.product_template_ve_ginb_fuc,VE-GINB-FUC/L,VE-GINB-FUC/L,VESTIDO GINEBRA FUCSIA,Talla: L,157.32,0.00
__import__.product_template_ve_maia_lnt_grn,VE-MAIA-LNT-GRN/M,VE-MAIA-LNT-GRN/M,VESTIDO LENTEJUELA MAIA GREEN,Talla: M,143.39,0.00
__import__.product_template_sd040_2b_ch,SD040-2B-CH/8,SD040-2B-CH/8,Terno SD040-2B-CH,Talla: 8,133.84,0.00
__import__.product_template_pt_24c29918_16,PT-24C29918-16/38,PT-24C29918-16/38,Pantalon PT-24C29918-16,Talla: 38,47.74,0.00
__import__.product_template_zp_hjvb_gam_gr,ZP-HJVB-GAM-GR/42,ZP-HJVB-GAM-GR/42,Zapato ZP-HJVB-GAM-GR,Talla: 42,73.83,0.00
__import__.product_template_vest_anast_bge,VEST-ANAST-BGE/M,VEST-ANAST-BGE/M,VESTIDO ANASTACIA BEIGE,Talla: M,142.52,0.00
__import__.product_template_zp_gam_ol_s_f_cassini,ZP-GAM-OL-S/F-CASSINI/8,ZPGAMOLGSFCAS/O8,Zapato ZP-GAM-OL-S/F-CASSINI,Talla: 8,152.09,0.00
__import__.product_template_vest_rose_bl,VEST-ROSE-BL/S,VEST-ROSE-BL/S,VESTIDO MOPA 2023-2 BLACK,Talla: S,117.30,0.00
__import__.product_template_lv_23e3705_25,LV-23E3705-25/46,LV-23E3705-25/46,Leva LV-23E3705-25,Talla: 46,165.13,0.00
__import__.product_template_pt_10036a_8_495,PT-10036A-8-495/38,PT-10036A-8-495/38,Pantalon PT-10036A-8-495,Talla: 38,56.43,0.00
__import__.product_template_pt_3742_1,PT-3742-1/20,PT-3742-1/O20,Pantalon PT-3742-1,Talla: 20,47.74,0.00
__import__.product_template_pt_312010_4,PT-312010-4/44,PT-312010-4/O44,Pantalon PT-312010-4,Talla: 44,47.74,0.00
__import__.product_template_pt_cv_b90_002wi,PT-CV-B90-002WI/S,PTCVB90002WI/OS,H. PANTALON P/CABALLERO CARVEN (pt_cv_b90_002wi),Talla: S,8.61,0.00
__import__.product_template_pt_cv_b90_002gu,PT-CV-B90-002GU/S,PTCVB90002GU/OS,H. PANTALON P/CABALLERO CARVEN (pt_cv_b90_002gu),Talla: S,8.61,0.00
__import__.product_template_pt_cv_b90_001hgr,PT-CV-B90-001HGR/S,PTCVB90001HGR/OS,H. PANTALON P/CABALLERO CARVEN (pt_cv_b90_001hgr),Talla: S,8.61,0.00
__import__.product_template_cmst_cv_b90_002wi,CMST-CV-B90-002WI/S,CMSTCVB90002WI/OS,H. CAMISETA P/CABALLEROS WINE CARVEN,Talla: S,8.61,0.00
__import__.product_template_cmst_cv_b90_002gu,CMST-CV-B90-002GU/S,CMSTCVB90002GU/OS,H. CAMISETA P/CABALLEROS CARVEN,Talla: S,8.61,0.00
__import__.product_template_pant_prisila,PANT-PRISILA-S,PANT-PRISILA-S,PANTALON PRISILA,Talla: S,33.83,0.00
__import__.product_template_a158_4,A158-4-14.5-S1,A1584202491451,H. CAMISA P/S BLUE BRUNO CASSINI 32-33 (a158_4),"Talla: 14.5, Manga de Camisa: S1 - 32/33",47.74,0.00
__import__.product_template_a158_3,A158-3-17-S2,A1583202491702,H. CAMISA P/S LIGHT BLUE BRUNO CASSINI 34-35 (a158_3),"Talla: 17, Manga de Camisa: S2 - 34/35",47.34,0.00
__import__.product_template_a158_3,A158-3-17-S1,A1583202491701,H. CAMISA P/S LIGHT BLUE BRUNO CASSINI 34-35 (a158_3),"Talla: 17, Manga de Camisa: S1 - 32/33",47.34,0.00
__import__.product_template_a115_1,A115-1-17.5-S2,A1151202491752,H. CAMISA P/S WHITE BRUNO CASSINI 34-35 (a115_1),"Talla: 17.5, Manga de Camisa: S2 - 34/35",47.74,0.00
__import__.product_template_pb,PB-15,PB-15,M. BRAZALETES P/DAMA VARIOS MODELOS,Talla: 15,16.51,0.00
__import__.product_template_pt_ni_o,PT-NIÑO/20,PT-NIÑO/O20,Pantalon PT-NIÑO,Talla: 20,57.99,0.00
__import__.product_template_lbpc_a31_254r_dknv,LBPC-A31-254R-DKNV/XL,0743682012472,H. POLO LONG BEACH M/C P/CABALLERO DARK NAVY,Talla: XL,34.70,0.00
__import__.product_template_set_mili_nara_bl,SET-MILI-NARA-BL/M,SET-MILI-NARA-BL/OM,M. SET P/DAMA ARENA MILI NARA,Talla: M,123.39,0.00
__import__.product_template_ve_destello,VE-DESTELLO/S,VE-DESTELLO/OS,M. VESTIDO AZUL DESTELLO,Talla: S,135.57,0.00
__import__.product_template_set_lucero_n,SET-LUCERO-N/S,SET-LUCERO-N/OS,M. SET P/DAMA PISTACHIO LUCERO,Talla: S,138.17,0.00
__import__.product_template_cv_u11_037_nv,CV-U11-037-NV/42,CV-U11-037-NV/42,Terno CV-U11-037-NV,Talla: 42,165.13,0.00
__import__.product_template_cv_u11_016_bu,CV-U11-016-BU/36,CV-U11-016-BU/O36,Terno CV-U11-016-BU,Talla: 36,165.13,0.00
__import__.product_template_ern_sabat_1259_wm,ERN-SABAT-1259-WM/S,ES1259W/S,BLUSA DE DAMA P/S BRUNO CASSINI WHITE T.S,Talla: S,42.52,0.00
__import__.product_template_2279dw,2279DW/S,2279DW/S,VESTIDO CQ BY CQ T.S,Talla: S,160.78,0.00
__import__.product_template_ve_heidy_consig,VE-HEIDY-CONSIG/L,VE-HEIDY-CONSIG/OL,VESTIDO AZUL REY,Talla: L,117.30,0.00
__import__.product_template_ve_antonia_consig,VE-ANTONIA-CONSIG/L,VE-ANTONIA-CONSIG/OL,VESTIDO ESTAMPADO FUCSIA,Talla: L,124.26,0.00
__import__.product_template_z_3125_pl,Z-3125-PL-36,Z-3125-PL-36,M. ZAPATO P/DAMA PLATA DFV,Talla: 36,114.70,0.00
__import__.product_template_z_3130_pl,Z-3130-PL-38,Z-3130-PL-38,M. ZAPATO P/DAMA PLATA DFV (z_3130_pl),Talla: 38,114.70,0.00
__import__.product_template_short_cairo,SHORT-CAIRO /M,SHORT-CAIRO /OM,SHORT LINO P/DAMA BEIGE / LADRILLO /NEGRO /VERDE ESTAMP,Talla: M,47.74,0.00
__import__.product_template_pt_tl_10_400b_azn,PT-TL-10-400B-AZN/38,PTTL10400BAZN/O38,Pantalon PT-TL-10-400B-AZN,Talla: 38,65.13,0.00
__import__.product_template_pt_3803_50,PT-3803/50/46,PT-3803/O50/O46,Pantalon PT-3803/50,Talla: 46,47.74,0.00
__import__.product_template_lv_gb_g11_002,LV-GB-G11-002/40,LV-GB-G11-002/O40,Leva LV-GB-G11-002,Talla: 40,69.48,0.00
__import__.product_template_lv_tl10_658a,LV-TL10-658A/58,LV-TL10-658A/O58,Leva LV-TL10-658A,Talla: 58,69.48,0.00
__import__.product_template_lv_17001_9,LV-17001-9/56,LV-17001-9/O56,Leva LV-17001-9,Talla: 56,165.13,0.00
__import__.product_template_1_18,1-18-17-S1,10018F20231701,H. CAMISA P/S BRUNO CASSINI PURPLE 32-33,"Talla: 17, Manga de Camisa: S1 - 32/33",56.43,0.00
__import__.product_template_1_18,1-18-17-S2,10018F20231702,H. CAMISA P/S BRUNO CASSINI PURPLE 32-33,"Talla: 17, Manga de Camisa: S2 - 34/35",56.43,0.00
__import__.product_template_a151_82bg,A151-82BG-17.5-S2,A15182B20231752,H. CAMISA P/S BIG SIZE BRUNO CASSINI BLACK 34-35 (a151_82bg),"Talla: 17.5, Manga de Camisa: S2 - 34/35",73.83,0.00
__import__.product_template_a151_82bg,A151-82BG-17.5-S1,A15182B20231751,H. CAMISA P/S BIG SIZE BRUNO CASSINI BLACK 34-35 (a151_82bg),"Talla: 17.5, Manga de Camisa: S1 - 32/33",73.83,0.00
__import__.product_template_a151_82,A151-82-17.5-S2,A1518220231752,H. CAMISA P/S BRUNO CASSINI BLACK 34-35,"Talla: 17.5, Manga de Camisa: S2 - 34/35",56.44,0.00
__import__.product_template_4s22009_1,4S22009-1-17-S2,4S220091201702,H. CAMISA P/S BRUNO CASSINI WHITE 34-35 (4s22009_1),"Talla: 17, Manga de Camisa: S2 - 34/35",56.44,0.00
__import__.product_template_4s22009_1,4S22009-1-17-S1,4S220091201701,H. CAMISA P/S BRUNO CASSINI WHITE 34-35 (4s22009_1),"Talla: 17, Manga de Camisa: S1 - 32/33",56.44,0.00
__import__.product_template_ce_baj_15_3915,CE-BAJ-15-3915-17.5-S2,CEBAB202317502,H. CAMISA P/S BIG SIZE BRUNO CASSINI SKY BLUE 34-35,"Talla: 17.5, Manga de Camisa: S2 - 34/35",65.13,0.00
__import__.product_template_tl_x25_502c_a,TL-X25-502C.A/XL,7453040772933,H. BERMUDA P/HOMBRE TED LAPIDUS KHAKI,Talla: XL,34.70,0.00
__import__.product_template_tl_x25_502b_a,TL-X25-502B.A/L,7453040772889,H. BERMUDA P/HOMBRE TED LAPIDUS NAVY,Talla: L,34.70,0.00
__import__.product_template_lbpc_a03_217s_rs,LBPC-A03-217S-RS/S,7448350549535,H. CAMISA M/C LONG BEACH ROSE,Talla: S,41.65,0.00
__import__.product_template_pt_tl_10_656c,PT-TL-10-656C/50,PT-TL-10-656C/O50,Pantalon PT-TL-10-656C,Talla: 50,47.74,0.00
__import__.product_template_t1005b_fuc_sep,T1005B-FUC-SEP/L,T1005B-FUC-SEP/OL,M. CAMISA P/DAMA FUCHSIA,Talla: L,43.39,0.00
__import__.product_template_t1653,T1653/S,T1653/OS,BLUSA TWIST FRONT SATIN ROJO,Talla: S,55.57,0.00
__import__.product_template_t1653,T1653/M,T1653/OM,BLUSA TWIST FRONT SATIN ROJO,Talla: M,55.57,0.00
__import__.product_template_t1653,T1653/L,T1653/OL,BLUSA TWIST FRONT SATIN ROJO,Talla: L,55.57,0.00
__import__.product_template_t1532,T1532/S,T1532/OS,TOP-BLACK P/DAMAS,Talla: S,49.02,0.00
__import__.product_template_t1532,T1532/M,T1532/OM,TOP-BLACK P/DAMAS,Talla: M,49.02,0.00
__import__.product_template_t1532,T1532/L,T1532/OL,TOP-BLACK P/DAMAS,Talla: L,49.02,0.00
__import__.product_template_pt_9a700112_3,PT-9A700112-3/40,PT-9A700112-3/O40,Pantalon PT-9A700112-3,Talla: 40,56.43,0.00
__import__.product_template_mf8997_11,MF8997/11-7.5,MF8997202311705,Corbata MF8997/11,Ancho Corbata: 7.5 cm,21.65,0.00
__import__.product_template_bw4624_64,BW4624/64-7,BW46242023641701,Corbata BW4624/64,Ancho Corbata: 7 cm,21.65,0.00
__import__.product_template_set_charlotte,SET-CHARLOTTE/S,SETCHAR/OS,"SET CHARLOTTE, VERDE T.S",Talla: S,108.61,0.00
__import__.product_template_ve_yesica_wh,VE-YESICA-WH/L,VE-YESICA-WH/OL,M. VESTIDO P/DAMA YESICA BLANCO,Talla: L,111.52,0.00
__import__.product_template_ve_madison_ve,VE-MADISON-VE/S,VE-MADISON-VE/OS,M. VESTIDO P/DAMA MADISON VERDE,Talla: S,98.13,0.00
__import__.product_template_ve_isa_rj,VE-ISA-RJ/M,VE-ISA-RJ/OM,M. VESTIDO P/DAMA ISA ROJO AZUL,Talla: M,88.30,0.00
__import__.product_template_ve_yesica_na,VE-YESICA-NA/M,VE-YESICA-NA/OM,M. VESTIDO YESICA P/DAMA NARANJA,Talla: M,111.52,0.00
__import__.product_template_bl_dafne_na_ca,BL-DAFNE-NA-CA/S,BL-DAFNE-NA-CA/OS,BLUSA DAFNE P/DAMA NARANJA CAFE,Talla: S,55.57,0.00
__import__.product_template_z5911_oro,Z5911-ORO-8,Z5911-ORO-8,Corbata Z5911-ORO,Talla: 8,98.12,0.00
__import__.product_template_z_ch161_davi,Z-CH161-DAVI-8,Z-CH161-DAVI-8,Corbata Z-CH161-DAVI,Talla: 8,128.61,0.00
__import__.product_template_z2625_negro,Z2625-NEGRO-8,Z2625-NEGRO-O8,ZAPATO NEGRO,Talla: 8,76.43,0.00
__import__.product_template_z923_negro,Z923-NEGRO-8,Z923-NEGRO-8,ZAPATO NEGRO (z923_negro),Talla: 8,123.13,0.00
__import__.product_template_z723_plata,Z723-PLATA-8,Z723-PLATA-8,ZAPATO PLATA,Talla: 8,119.91,0.00
__import__.product_template_lv_12342_1,LV-12342-1/50,LV-12342-1/O50,Leva LV-12342-1,Talla: 50,69.48,0.00
__import__.product_template_442199090_37,442199090/37-38,442199090/O37-38,H. HORMA P/ZAPATOS BRUNO CASSINI TL 37-38,Talla: 38,30.35,0.00
__import__.product_template_442199090_39,442199090/39-40,442199090/O39-40,H. HORMA P/ZAPATOS BRUNO CASSINI TL 39-40,Talla: 40,30.35,0.00
__import__.product_template_442199090_41,442199090/41-42,442199090/O41-42,H. HORMA P/ZAPATOS BRUNO CASSINI TL 41-42,Talla: 42,30.35,0.00
__import__.product_template_442199090_43,442199090/43-44,442199090/O43-44,H. HORMA P/ZAPATOS BRUNO CASSINI TL 43-44,Talla: 44,30.35,0.00
__import__.product_template_12001dc,12001DC-16.5-S2,12001D202281652,H. CAMISA D/P BRUNO CASSINI WHITE 34-35 (12001dc),"Talla: 16.5, Manga de Camisa: S2 - 34/35",65.13,0.00
__import__.product_template_12001dc,12001DC-16.5-S1,12001D202281651,H. CAMISA D/P BRUNO CASSINI WHITE 34-35 (12001dc),"Talla: 16.5, Manga de Camisa: S1 - 32/33",65.13,0.00
__import__.product_template_8831,8831-16.5-S1,8831202281651,Camisa 8831,"Talla: 16.5, Manga de Camisa: S1 - 32/33",43.39,0.00
__import__.product_template_8831,8831-16.5-S2,8831202281652,Camisa 8831,"Talla: 16.5, Manga de Camisa: S2 - 34/35",43.39,0.00
__import__.product_template_k818_3,K818-3-16.5-S2,K8183202281652,H. CAMISA P/S BRUNO CASSINI BLUE POINT 34-35,"Talla: 16.5, Manga de Camisa: S2 - 34/35",43.39,0.00
__import__.product_template_k818_3,K818-3-16.5-S1,K8183202281651,H. CAMISA P/S BRUNO CASSINI BLUE POINT 34-35,"Talla: 16.5, Manga de Camisa: S1 - 32/33",43.39,0.00
__import__.product_template_k820_6,K820-6-17-S1,K8206202281701,H. CAMISA P/S BRUNO CASSINI RED POINT 32-33,"Talla: 17, Manga de Camisa: S1 - 32/33",43.39,0.00
__import__.product_template_k820_6,K820-6-17-S2,K8206202281702,H. CAMISA P/S BRUNO CASSINI RED POINT 32-33,"Talla: 17, Manga de Camisa: S2 - 34/35",43.39,0.00
__import__.product_template_20002,20002-16.5-S1,20002202491651,Camisa 20002,"Talla: 16.5, Manga de Camisa: S1 - 32/33",47.74,0.00
__import__.product_template_20002,20002-16.5-S2,20002202491652,Camisa 20002,"Talla: 16.5, Manga de Camisa: S2 - 34/35",47.74,0.00
__import__.product_template_k818_1,K818-1-16.5-S2,K8181202281652,H. CAMISA P/S BRUNO CASSINI WHITE 34-35 (k818_1),"Talla: 16.5, Manga de Camisa: S2 - 34/35",43.39,0.00
__import__.product_template_k818_1,K818-1-16.5-S1,K8181202281651,H. CAMISA P/S BRUNO CASSINI WHITE 34-35 (k818_1),"Talla: 16.5, Manga de Camisa: S1 - 32/33",43.39,0.00
__import__.product_template_jy,JY-10,JY-10,M. JOYERO P/DAMA VARIOS MODELOS,Talla: 10,12.96,0.00
__import__.product_template_5000_bg,5000-BG/M,5000-BG/OM,M. TOP P/DAMA BIEGE,Talla: M,16.88,0.00
__import__.product_template_5000_wh,5000-WH/M,5000-WH/OM,M. TOP P/DAMA WHITE,Talla: M,16.88,0.00
__import__.product_template_1100_bg,1100-BG/M,1100-BG/OM,M. TOP P/DAMA BEIGE,Talla: M,16.88,0.00
__import__.product_template_1100_bl,1100-BL/M,1100-BL/OM,M. TOP P/DAMA BLACK,Talla: M,16.88,0.00
__import__.product_template_2007_bl,2007-BL/M,2007-BL/OM,M. TOP P/DAMA BLACK (2007_bl),Talla: M,16.88,0.00
__import__.product_template_2007_bg,2007-BG/M,2007-BG/OM,M. TOP P/DAMA BEIGE (2007_bg),Talla: M,16.88,0.00
__import__.product_template_2007_wh,2007-WH/M,2007-WH/OM,M. TOP P/DAMA WHITE (2007_wh),Talla: M,16.88,0.00
__import__.product_template_kan_anhoa,KAN-ANHOA/28,KAN-ANHOA/O28,Terno KAN-ANHOA,Talla: 28,40.09,0.00
__import__.product_template_hd42_b122bg,HD42-B122BG-19-S2,42B122B20221902,H. CAMISA P/S BIG SIZE BRUNO CASSINI WHITE 34-35 (hd42_b122bg),"Talla: 19, Manga de Camisa: S2 - 34/35",56.43,0.00
__import__.product_template_hd42_b122bg,HD42-B122BG-19-S1,42B122B20221901,H. CAMISA P/S BIG SIZE BRUNO CASSINI WHITE 34-35 (hd42_b122bg),"Talla: 19, Manga de Camisa: S1 - 32/33",56.43,0.00
__import__.product_template_150bg_3,150BG-3-18.5-S2,15032022011852,H. CAMISA P/S BIG SIZE BRUNO CASSINI WHITE 34-35 (150bg_3),"Talla: 18.5, Manga de Camisa: S2 - 34/35",56.43,0.00
__import__.product_template_150bg_3,150BG-3-18.5-S1,15032022011851,H. CAMISA P/S BIG SIZE BRUNO CASSINI WHITE 34-35 (150bg_3),"Talla: 18.5, Manga de Camisa: S1 - 32/33",56.43,0.00
__import__.product_template_z_1759siuk_az,Z-1759SIUK-AZ/38,Z-1759SIUK-AZ/O38,Terno Z-1759SIUK-AZ,Talla: 38,99.05,0.00
__import__.product_template_11901,11901-16.5-S2,119012022011652,Camisa 11901,"Talla: 16.5, Manga de Camisa: S2 - 34/35",43.39,0.00
__import__.product_template_11901,11901-16.5-S1,119012022011651,Camisa 11901,"Talla: 16.5, Manga de Camisa: S1 - 32/33",43.39,0.00
__import__.product_template_150_3,150-3-17.5-S2,15032022011752,H. CAMISA P/S BRUNO CASSINI WHITE 34-35 (150_3),"Talla: 17.5, Manga de Camisa: S2 - 34/35",43.39,0.00
__import__.product_template_150_3,150-3-17.5-S1,15032022011751,H. CAMISA P/S BRUNO CASSINI WHITE 34-35 (150_3),"Talla: 17.5, Manga de Camisa: S1 - 32/33",43.39,0.00
__import__.product_template_603_3,603-3-15-S1,603320221501,H. CAMISA P/S BRUNO CASSINI LINEN BLUE 32-33 (603_3),"Talla: 15, Manga de Camisa: S1 - 32/33",43.39,0.00
__import__.product_template_603_3,603-3-15-S2,603320221502,H. CAMISA P/S BRUNO CASSINI LINEN BLUE 32-33 (603_3),"Talla: 15, Manga de Camisa: S2 - 34/35",43.39,0.00
__import__.product_template_hd42_126l,HD42-126L-17-S1,42126L20221701,H. CAMISA P/S BRUNO CASSINI LIGHT BLUE 32-33 (hd42_126l),"Talla: 17, Manga de Camisa: S1 - 32/33",43.39,0.00
__import__.product_template_hd42_126l,HD42-126L-17-S2,42126L20221702,H. CAMISA P/S BRUNO CASSINI LIGHT BLUE 32-33 (hd42_126l),"Talla: 17, Manga de Camisa: S2 - 34/35",43.39,0.00
__import__.product_template_562,562-15.5-S2,5622022011552,Camisa 562,"Talla: 15.5, Manga de Camisa: S2 - 34/35",43.39,0.00
__import__.product_template_562,562-15.5-S1,5622022011551,Camisa 562,"Talla: 15.5, Manga de Camisa: S1 - 32/33",43.39,0.00
__import__.product_template_19203,19203-15.5-S2,192032022011552,Camisa 19203,"Talla: 15.5, Manga de Camisa: S2 - 34/35",43.39,0.00
__import__.product_template_19203,19203-15.5-S1,192032022011551,Camisa 19203,"Talla: 15.5, Manga de Camisa: S1 - 32/33",43.39,0.00
__import__.product_template_z_3021lamo_ne,Z-3021LAMO-NE/38,Z-3021LAMO-NE/O38,Terno Z-3021LAMO-NE,Talla: 38,86.87,0.00
__import__.product_template_z_5325clape_mo,Z-5325CLAPE-MO/38,Z-5325CLAPE-MO/O38,Terno Z-5325CLAPE-MO,Talla: 38,95.57,0.00
__import__.product_template_z_2836_dfv_na,Z-2836-DFV-NA/38,Z-2836-DFV-NA/O38,Terno Z-2836-DFV-NA,Talla: 38,102.52,0.00
__import__.product_template_z_2839dfv_gd,Z-2839DFV-GD/38,Z-2839DFV-GD/O38,Terno Z-2839DFV-GD,Talla: 38,105.27,0.00
__import__.product_template_z_2839dfv_ne,Z-2839DFV-NE/38,Z-2839DFV-NE/O38,Terno Z-2839DFV-NE,Talla: 38,102.52,0.00
__import__.product_template_fund_neg,FUND-NEG-16,FUND-NEG-16,FUNDA PREMIUN NEGRA P/ACCESORIO,Talla: 16,2.00,0.00
__import__.product_template_z_sd913davi_rd,Z-SD913DAVI-RD/38,Z-SD913DAVI-RD/O38,Terno Z-SD913DAVI-RD,Talla: 38,98.13,0.00
__import__.product_template_3_2_d_17_bu,3-2-D#17-BU-14.5-S1,32D172021BU1451,H. CAMISA P/CABALLERO P/S BLUE 32-33 BRUNO CASSINI (3_2_d_17_bu),"Talla: 14.5, Manga de Camisa: S1 - 32/33",56.43,0.00
__import__.product_template_enstdo_4_bu,ENSTDO#4-BU-14.5-S1,ENST42021BU1451,H. CAMISA P/CABALLERO P/S BLUE 32-33 BRUNO CASSINI (enstdo_4_bu),"Talla: 14.5, Manga de Camisa: S1 - 32/33",56.43,0.00
__import__.product_template_3_2mh_or,3-2MH-OR-16.5-S2,32MH2021OR1652,H. CAMISA P/CABALLERO P/S ORANGE 34-35 BRUNO CASSINI,"Talla: 16.5, Manga de Camisa: S2 - 34/35",56.43,0.00
__import__.product_template_3_2mh_or,3-2MH-OR-16.5-S1,32MH2021OR1651,H. CAMISA P/CABALLERO P/S ORANGE 34-35 BRUNO CASSINI,"Talla: 16.5, Manga de Camisa: S1 - 32/33",56.43,0.00
__import__.product_template_esns_pk,ESNS-PK-14.5-S1,ENS2021PK1451,H. CAMISA P/CABALLERO P/S PINK 32-33 BRUNO CASSINI,"Talla: 14.5, Manga de Camisa: S1 - 32/33",56.43,0.00
__import__.product_template_rl_bl,RL-BL-14.5-S1,RL012021BL1451,H. CAMISA P/CABALLERO P/S LIGHT BLUE 32-33 BRUNO CASSINI,"Talla: 14.5, Manga de Camisa: S1 - 32/33",56.43,0.00
__import__.product_template_l21sw_1,L21SW-1-17.5-S2,21SW202111752,H. CAMISA P/CABALLERO M/C WHITE 34-35 BRUNO CASSINI,"Talla: 17.5, Manga de Camisa: S2 - 34/35",69.48,0.00
__import__.product_template_eft_dc_bu,EFT-DC-BU-15.5-S2,EFT2021DCBU1552,H. CAMISA P/CABALLERO D/P BLUE 34-35 BRUNO CASSINI,"Talla: 15.5, Manga de Camisa: S2 - 34/35",65.13,0.00
__import__.product_template_eft_dc_bu,EFT-DC-BU-15.5-S1,EFT2021DCBU1551,H. CAMISA P/CABALLERO D/P BLUE 34-35 BRUNO CASSINI,"Talla: 15.5, Manga de Camisa: S1 - 32/33",65.13,0.00
__import__.product_template_tl_10_656a,TL-10-656A/56,TL-10-656A/O56,Terno TL-10-656A,Talla: 56,260.78,0.00
__import__.product_template_tl_10_658c,TL-10-658C/58,TL-10-658C/O58,Terno TL-10-658C,Talla: 58,260.78,0.00
__import__.product_template_tl_10_658b,TL-10-658B/58,TL-10-658B/O58,Terno TL-10-658B,Talla: 58,86.87,0.00
__import__.product_template_dfb3011_blanco,DFB3011-BLANCO/S,DFB3011-BLANCO/OS,M. CONJUNTO PANT+ TOP P/DAMA BLANCO DANFIVE,Talla: S,60.00,0.00
__import__.product_template_2536_kan_tally,2536-KAN-TALLY/28,2536-KAN-TALLY/O28,Terno 2536-KAN-TALLY,Talla: 28,40.09,0.00
__import__.product_template_ire90495,IRE90495/S,IRE90495/OS,M. JUMPER ENTERIZO INA,Talla: S,42.77,0.00
__import__.product_template_kse_5022,KSE-5022-6,KSE-5022-6,Corbata KSE-5022,Ancho Corbata: 6 cm,11.22,0.00
__import__.product_template_mmtr00498_fa800109_w00749_7013_38,MMTR00498-FA800109-W00749-7013-38/52,8059712741550,Terno MMTR00498-FA800109-W00749-7013-38,Talla: 52,86.87,0.00
__import__.product_template_mmtr00498_fa800109_w00749_5065_40,MMTR00498-FA800109-W00749-5065-40/54,8059712741529,Terno MMTR00498-FA800109-W00749-5065-40,Talla: 54,86.87,0.00
__import__.product_template_mmtr00498_fa800109_w00749_5065_38,MMTR00498-FA800109-W00749-5065-38/52,8059712741536,Terno MMTR00498-FA800109-W00749-5065-38,Talla: 52,86.87,0.00
__import__.product_template_mmtr00498_fa800109_w00749_5065_36,MMTR00498-FA800109-W00749-5065-36/50,8059712741512,Terno MMTR00498-FA800109-W00749-5065-36,Talla: 50,86.87,0.00
__import__.product_template_mmtr00498_w00749_5065_34,MMTR00498-W00749-5065-34/48,8059712741505,Terno MMTR00498-W00749-5065-34,Talla: 48,86.87,0.00
__import__.product_template_mmsl00529_fa430374_6002_50,MMSL00529-FA430374-6002-50/L,8059712722580,SHIRT LONG SLEEVE WITH VENT ON MORATO MULTCOLORE,Talla: L,73.83,0.00
__import__.product_template_mmsl00529_fa430374_6002_46,MMSL00529-FA430374-6002-46/S,8059712661148,SHIRT LONG SLEEVE WITH VENT ON MORATO MULTCOLORE (mmsl00529_fa430374_6002_46),Talla: S,73.83,0.00
__import__.product_template_mmsl00538_fa430367_7073_46,MMSL00538-FA430367-7073-46/S,8059712666075,SHIRT GOLD ON PRINTED FABRIC MORATO BLUE INK,Talla: S,73.83,0.00
__import__.product_template_mmsl00425_fa430305_9024_46,MMSL00425-FA430305-9024-46/S,8059712439549,SHIRT PRINTED FABRIC MORATO STEEL GREY,Talla: S,73.83,0.00
__import__.product_template_at4266,AT4266/L,AT4266/OL,BLUSA LOVE ENCOUNTER,Talla: L,38.17,0.00
__import__.product_template_9511tw,9511TW/L,9511TW/OL,BLUSA CQ BY CQ TALLA L,Talla: L,46.87,0.00
__import__.product_template_9511tw,9511TW/S,9511TW/OS,BLUSA CQ BY CQ TALLA L,Talla: S,46.87,0.00
__import__.product_template_10896t,10896T/L,10896T/OL,BLUSA IDEM DITTO TALLA L,Talla: L,44.26,0.00
__import__.product_template_10896t,10896T/M,10896T/OM,BLUSA IDEM DITTO TALLA L,Talla: M,44.26,0.00
__import__.product_template_10896t,10896T/S,10896T/OS,BLUSA IDEM DITTO TALLA L,Talla: S,44.26,0.00
__import__.product_template_j11063_bleach_blue_sh,J11063/BLEACH BLUE-SH-28,J11063/BLEALUE-SH-28,SHORT P/DAMA OBSENA,Talla: 28,11.52,0.00
__import__.product_template_43sw7026,43SW7026-S,43SW7026-S,CAMISA M/C CASUAL HOMBRE,Talla: S,47.74,0.00
__import__.product_template_bmo6483,BMO6483-29,BMO6483-29,H. JEANS BUFFALO-X GARRET,Talla: 29,39.04,0.00
__import__.product_template_omo0944,OMO0944-31,OMO0944-31,H. JEANS BUFFALO MAX,Talla: 31,39.04,0.00
__import__.product_template_bpm7770,BPM7770-28,BPM7770-28,JEANS DE HOMBRE 100 ALGODON (bpm7770),Talla: 28,120.45,0.00
__import__.product_template_bpm7770,BPM7770-29,BPM7770-29,JEANS DE HOMBRE 100 ALGODON (bpm7770),Talla: 29,39.04,0.00
__import__.product_template_bpm7770,BPM7770-30,BPM7770-30,JEANS DE HOMBRE 100 ALGODON (bpm7770),Talla: 30,120.45,0.00
__import__.product_template_bpm7770,BPM7770-31,BPM7770-31,JEANS DE HOMBRE 100 ALGODON (bpm7770),Talla: 31,120.45,0.00
__import__.product_template_bpm7120,BPM7120-34,BPM7120-34,JEANS SIMON DE HOMBRE,Talla: 34,39.04,0.00
__import__.product_template_bmo7217,BMO7217-32,BMO7217-32,H. JEANS BUFFALO,Talla: 32,39.04,0.00
__import__.product_template_bmo7209,BMO7209-30,BMO7209-30,H. JEANS BUFFALO GAME,Talla: 30,39.04,0.00
__import__.product_template_bmo6604,BMO6604-30,BMO6604-30,H. JEANS BUFFALO MATHEW,Talla: 30,39.04,0.00
__import__.product_template_bmo6226,BMO6226-30,BMO6226-30,H. PANTALON BUFFALO X-PERT,Talla: 30,39.04,0.00
__import__.product_template_bmo5961,BMO5961-29,BMO5961-29,H. PANTALON BUFFALO JECK,Talla: 29,39.04,0.00
__import__.product_template_bm13708,BM13708-28,BM13708-28,KING PANTALON (bm13708),Talla: 28,39.04,0.00
__import__.product_template_bm11131,BM11131-29,BM11131-29,JEANS DRAYANN DE HOMBRE,Talla: 29,39.04,0.00
__import__.product_template_bm10814,BM10814-32,BM10814-32,JEANS SIX HOMBRE,Talla: 32,39.04,0.00
__import__.product_template_opbs5148_468_sh,OPBS5148-468.SH/31,OPBS5148-468.OP/O31,Terno OPBS5148-468.SH,Talla: 31,47.74,0.00
__import__.product_template_fund_adams,FUND-ADAMS-18,FUND-ADAMS-18,FUNDAS ADAMS 18FLI,Talla: 18,0.02,0.00
__import__.product_template_fund_adams,FUND-ADAMS-15,FUND-ADAMS-15,FUNDAS ADAMS 18FLI,Talla: 15,0.01,0.00
__import__.product_template_pul19_09,PUL19-09-10,PUL19-09-10,ACCESORIO - 2019-09,Talla: 10,16.44,0.00
__import__.product_template_acce19_09,ACCE19-09-8,ACCE19-09-8,ACCESORIO - 2019-09 (acce19_09),Talla: 8,15.57,0.00
__import__.product_template_acce19_09,ACCE19-09-9,ACCE19-09-9,ACCESORIO - 2019-09 (acce19_09),Talla: 9,19.91,0.00
__import__.product_template_acce19_09,ACCE19-09-6,ACCE19-09-6,ACCESORIO - 2019-09 (acce19_09),Ancho Corbata: 6 cm,24.26,0.00
__import__.product_template_acce19_09,ACCE19-09-7,ACCE19-09-7,ACCESORIO - 2019-09 (acce19_09),Ancho Corbata: 7 cm,26.00,0.00
__import__.product_template_cart_g_08,CART-G-08-19,CART-G-08-19,CARTERA GRANDE VARIOS MODELOS,Talla: 19,47.74,0.00
__import__.product_template_px_nztd,PX-NZTD-30,PX-NZTD-30,LED DOWN LIGHT 30W 6000-6500K,Talla: 30,10.00,0.00
__import__.product_template_acce_12,ACCE-12-18,ACCE-12-18,BISUTERIA VARIOS MODELOS,Talla: 18,15.57,0.00
__import__.product_template_w028_f9,W028-F9-6,W028-F9-6,Corbata W028-F9,Ancho Corbata: 6 cm,17.77,0.00
__import__.product_template_xlh1639_11_apricot,XLH1639-11/APRICOT-10,XLH1639-11/OAPROT-10,ZAPATOS OBSENA,Talla: 10,13.38,0.00
__import__.product_template_xlh1639_11_apricot,XLH1639-11/APRICOT-6,XLH1639-11/OAPROT-6,ZAPATOS OBSENA,Ancho Corbata: 6 cm,13.38,0.00
__import__.product_template_xlh1639_11_apricot,XLH1639-11/APRICOT-7,XLH1639-11/OAPROT-7,ZAPATOS OBSENA,Ancho Corbata: 7 cm,13.38,0.00
__import__.product_template_xlh1639_11_apricot,XLH1639-11/APRICOT-8,XLH1639-11/OAPROT-8,ZAPATOS OBSENA,Talla: 8,13.38,0.00
__import__.product_template_xlh1639_11_apricot,XLH1639-11/APRICOT-9,XLH1639-11/OAPROT-9,ZAPATOS OBSENA,Talla: 9,13.38,0.00
__import__.product_template_xlh1639_11_black,XLH1639-11/BLACK-6,XLH1639-11/OBLACK-6,Corbata XLH1639-11/BLACK,Ancho Corbata: 6 cm,29.38,0.00
__import__.product_template_w028_62,W028-62-6,W028-62-6,PANTALON BRUNO CASSINI (MUJER),Ancho Corbata: 6 cm,17.77,0.00
__import__.product_template_sabi_fiesta,SABI-FIESTA-38,SABI-FIESTA-38,M. CARTERA DE FIESTA VARIOS MD,Talla: 38,28.97,0.00
__import__.product_template_s299_322,S299/322-7,S299/O322-7,Corbata S299/322,Ancho Corbata: 7 cm,21.65,0.00
__import__.product_template_s299_301,S299/301-7,S299/O301-7,Corbata S299/301,Ancho Corbata: 7 cm,21.65,0.00
__import__.product_template_s299_303,S299/303-7,S299/O303-7,Corbata S299/303,Ancho Corbata: 7 cm,21.65,0.00
__import__.product_template_pv,PV-42,PV-42,PANTALONETA DE NINO SOLEI,Talla: 42,23.61,0.00
__import__.product_template_pt_rs3688_blk_m,PT-RS3688-BLK/M-L,PT-RS3688-BLK/OM-L,PANTALON DE TERNO P/DAMA BRUNO CASSINI (pt_rs3688_blk_m),Talla: L,40.09,0.00
__import__.product_template_nodim_driver,NODIM-DRIVER/7,NODIM-DRIVER/7,Terno NODIM-DRIVER,Talla: 7,1.00,0.00
__import__.product_template_m_03,M-03-7,M-03-7,Corbata M-03,Ancho Corbata: 7 cm,6.70,0.00
__import__.product_template_j,J-32,J-32,JUMPER,Talla: 32,37.37,0.00
__import__.product_template_g07034as_blue,G07034AS/BLUE-28,G07034AS/OBLUE-28,RINSE BLUE,Talla: 28,12.90,0.00
__import__.product_template_cv_k02_083,CV-K02-083/S,CV-K02-083/OS,CAMISA M/C CUADROS - FUCHSIA,Talla: S,17.30,0.00
__import__.product_template_bw4624_98,BW4624/98-7,BW4624/O98-7,Corbata BW4624/98,Ancho Corbata: 7 cm,21.65,0.00
__import__.product_template_9039_bl,9039 BL-16,9039 BL-16,M. BIKINI JUNIOR BLANCO FLOR,Talla: 16,18.31,0.00
__import__.product_template_8656bl,8656BL-12,8656BL-12,M.PRINCIPIANTE BLUE 08,Talla: 12,5.18,0.00
__import__.product_template_81216,81216-7,81216-7,CAMISAS BRUNO CASSINI,Ancho Corbata: 7 cm,47.74,0.00
__import__.product_template_43290,43290/34,43290/O34,Terno 43290,Talla: 34,33.83,0.00
__import__.product_template_43500,43500/32,43500/32,Terno 43500,Talla: 32,25.90,0.00
__import__.product_template_43500_am,43500/AM-36,43500/IOAM-36,BRASIER ESENCIAL ST. EVEN (43500_am),Talla: 36,30.35,0.00
__import__.product_template_43500_bl,43500/BL-32,43500/OBL-32,BRASIER ESENCIAL ST-EVEN,Talla: 32,30.35,0.00
__import__.product_template_43510,43510/34,43510/O34,Terno 43510,Talla: 34,23.39,0.00
__import__.product_template_43541,43541/L,43541/OL,BRASILERA ROMANTICA,Talla: L,16.43,0.00
__import__.product_template_41680,41680-34,41680-34,BRASIER ROMANTICO ST. EVEN,Talla: 34,25.13,0.00
__import__.product_template_16350,16350/34,16350/O34,Terno 16350,Talla: 34,25.13,0.00
__import__.product_template_16360,16360-34,16360-34,"BRASSIER CHAMELA BLANCO, MORADO",Talla: 34,26.00,0.00
__import__.product_template_16380,16380-34,16380-34,BRASSIER CHAMELA,Talla: 34,41.65,0.00
__import__.product_template_16834,16834-L,16834-L,"BOXER CHAMELA AZUL, ROSA",Talla: L,25.13,0.00
__import__.product_template_16900,16900-34,16900-34,BRASSIER CHAMELA ROSA,Talla: 34,27.59,0.00
__import__.product_template_16904,16904-M,16904-M,BOXER CHAMELA ROSA,Talla: M,16.43,0.00
__import__.product_template_17910_bl,17910/BL-34,17910/BL-34,BRASSIER CHAMELA (BLANCO),Talla: 34,37.80,0.00
__import__.product_template_17910_ne,17910/NE-34,17910/NE-34,BRASSIER CHAMELA (NEGRO),Talla: 34,37.80,0.00
__import__.product_template_17911_bl,17911/BL-M,17911/OBL-M,BRASILERA CHAMELA (BLANCO),Talla: M,13.30,0.00
__import__.product_template_15290,15290-32,15290-32,BRASSIER CHAMELA (15290),Talla: 32,33.83,0.00
__import__.product_template_12110black,12110BLACK-34,12110BLACK-34,M.BRASSIERE CHAMELA,Talla: 34,18.17,0.00
